date,usd_per_lb,jpy_per_kg
2025-01-02,6.808,2356.4
2025-01-03,6.7,2320.1
2025-01-06,6.836,2359.8
2025-01-07,6.858,2383.7
2025-01-08,6.886,2404.8
2025-01-09,6.888,2395.5
2025-01-10,6.985,2434.0
2025-01-13,7.058,2444.7
2025-01-14,7.076,2461.0
2025-01-15,7.09,2454.7
2025-01-16,7.106,2447.2
2025-01-17,7.185,2464.6
2025-01-20,7.112,2452.6
2025-01-21,7.189,2467.7
2025-01-22,7.067,2427.7
2025-01-23,7.035,2423.7
2025-01-24,7.017,2421.2
2025-01-27,7.033,2388.6
2025-01-28,6.913,2367.2
2025-01-29,6.908,2365.9
2025-01-30,6.892,2341.6
2025-01-31,6.822,2329.7
2025-02-03,6.759,2304.1
2025-02-04,6.756,2313.4
2025-02-05,6.886,2319.7
2025-02-06,7.042,2366.9
2025-02-07,7.065,2368.1
2025-02-10,6.985,2341.5
2025-02-11,6.883,2311.7
2025-02-12,6.895,2333.9
2025-02-13,6.849,2322.1
2025-02-14,6.967,2346.8
2025-02-17,6.883,2298.9
2025-02-18,6.865,2297.0
2025-02-19,6.863,2297.1
2025-02-20,6.988,2310.3
2025-02-21,6.94,2302.1
2025-02-24,6.956,2297.7
2025-02-25,6.872,2268.7
2025-02-26,7.008,2308.5
2025-02-27,7.097,2340.5
2025-02-28,7.013,2330.9
2025-03-03,7.076,2360.1
2025-03-04,7.149,2336.4
2025-03-05,7.11,2346.5
2025-03-06,7.253,2358.5
2025-03-07,7.28,2370.4
2025-03-10,7.448,2413.3
2025-03-11,7.391,2411.9
2025-03-12,7.466,2453.0
2025-03-13,7.362,2407.5
2025-03-14,7.462,2445.6
2025-03-17,7.398,2427.2
2025-03-18,7.285,2405.1
2025-03-19,7.416,2449.6
2025-03-20,7.262,2377.2
2025-03-21,7.219,2366.4
2025-03-24,7.21,2381.3
2025-03-25,7.16,2367.0
2025-03-26,7.246,2401.8
2025-03-27,7.276,2417.7
2025-03-28,7.33,2434.2
2025-03-31,7.128,2348.1
2025-04-01,7.19,2364.7
2025-04-02,7.165,2357.4
2025-04-03,7.099,2287.2
2025-04-04,6.827,2185.5
2025-04-07,6.514,2102.7
2025-04-08,6.473,2093.6
2025-04-09,6.266,1996.3
2025-04-10,6.618,2123.3
2025-04-11,6.811,2144.8
2025-04-14,6.883,2173.7
2025-04-15,6.967,2195.3
2025-04-16,6.985,2198.2
2025-04-17,6.997,2199.6
2025-04-22,7.042,2178.8
2025-04-23,7.053,2202.4
2025-04-24,7.087,2227.2
2025-04-25,7.044,2226.1
2025-04-28,7.008,2214.6
2025-04-29,6.976,2194.5
2025-04-30,6.974,2199.2
2025-05-01,6.806,2146.3
2025-05-02,6.951,2214.7
2025-05-06,7.004,2203.9
2025-05-07,6.965,2201.8
2025-05-08,6.974,2224.5
2025-05-09,7.013,2244.6
2025-05-12,7.024,2293.1
2025-05-13,7.019,2292.4
2025-05-14,7.133,2299.9
2025-05-15,7.019,2259.2
2025-05-16,7.001,2248.2
2025-05-19,6.945,2219.7
2025-05-20,6.963,2220.3
2025-05-21,6.954,2204.1
2025-05-22,6.917,2187.1
2025-05-23,6.897,2168.0
2025-05-27,6.929,2202.3
2025-05-28,6.788,2161.1
2025-05-29,6.852,2189.0
2025-05-30,6.872,2177.4
2025-06-02,6.87,2161.8
2025-06-03,6.895,2176.2
2025-06-04,6.931,2203.3
2025-06-05,6.933,2189.8
2025-06-06,6.906,2196.4
2025-06-09,6.913,2202.3
2025-06-10,6.836,2178.8
2025-06-11,6.818,2184.6
2025-06-12,6.777,2147.4
2025-06-13,6.79,2157.8
2025-06-16,6.804,2162.9
2025-06-17,6.722,2143.9
2025-06-18,6.706,2141.2
2025-06-19,6.736,2163.2
2025-06-20,6.7,2150.8
2025-06-23,6.625,2155.1
2025-06-24,6.688,2137.5
2025-06-25,6.715,2158.1
2025-06-26,6.786,2160.9
2025-06-29,6.818,2173.5
2025-06-30,6.813,2168.0
2025-07-01,6.788,2137.7
2025-07-02,6.842,2174.4
2025-07-03,6.917,2194.8
2025-07-04,6.858,2183.2
2025-07-07,6.768,2171.9
2025-07-08,6.777,2189.3
2025-07-09,6.725,2175.3
2025-07-10,6.849,2209.4
2025-07-11,6.877,2229.6
2025-07-14,6.752,2193.7
2025-07-15,6.731,2195.5
2025-07-16,6.713,2201.1
2025-07-17,6.713,2202.0
2025-07-18,6.759,2212.1
2025-07-21,6.929,2252.3
2025-07-22,6.931,2248.8
2025-07-23,6.954,2242.6
2025-07-24,6.954,2246.0
2025-07-25,6.915,2250.9
2025-07-28,6.827,2229.8
2025-07-29,6.781,2224.0
2025-07-30,6.754,2208.3
2025-07-31,6.713,2217.7
2025-08-01,6.623,2197.2
2025-08-04,6.75,2193.2
2025-08-05,6.693,2177.9
2025-08-06,6.777,2204.5
2025-08-07,6.795,2207.8
2025-08-08,6.752,2200.4
2025-08-11,6.824,2224.6
2025-08-12,6.797,2224.6
2025-08-13,6.865,2228.9
2025-08-14,6.75,2180.7
2025-08-15,6.763,2191.7
2025-08-18,6.759,2199.1
2025-08-19,6.752,2200.2
2025-08-20,6.704,2179.0
2025-08-21,6.7,2184.0
2025-08-22,6.688,2192.4
2025-08-26,6.793,2207.0
2025-08-27,6.77,2209.7
2025-08-28,6.811,2205.4
2025-08-29,6.89,2237.5
2025-09-01,6.924,2247.3
2025-09-02,6.849,2244.2
2025-09-03,6.854,2245.6
2025-09-04,6.836,2235.5
2025-09-05,6.854,2236.0
2025-09-08,6.847,2231.7
2025-09-09,6.79,2196.9
2025-09-10,6.777,2203.6
2025-09-11,6.759,2204.6
2025-09-12,6.883,2244.6
2025-09-15,6.933,2252.3
2025-09-16,6.911,2239.6
2025-09-17,6.838,2206.9
2025-09-18,6.849,2226.3
2025-09-19,6.865,2241.2
2025-09-22,6.813,2220.6
2025-09-23,6.849,2231.7
2025-09-24,6.849,2241.4
2025-09-25,6.933,2274.7
2025-09-26,6.82,2251.6
2025-09-29,6.833,2240.8
2025-09-30,6.838,2231.0
2025-10-01,6.788,2201.5
2025-10-02,6.854,2217.9
2025-10-03,6.908,2244.1
2025-10-06,6.888,2278.4
2025-10-07,6.945,2310.6
2025-10-08,6.89,2319.3
2025-10-09,6.951,2341.4
2025-10-10,6.883,2314.7
2025-10-13,6.822,2287.7
2025-10-14,6.763,2267.8
2025-10-15,6.827,2281.0
2025-10-16,6.793,2265.6
2025-10-17,6.772,2245.7
2025-10-20,6.77,2250.1
2025-10-21,6.797,2278.0
2025-10-22,6.774,2267.4
2025-10-23,6.854,2306.3
2025-10-24,6.842,2306.3
2025-10-27,6.874,2316.5
2025-10-28,6.82,2289.8
2025-10-29,6.863,2302.4
2025-10-30,6.815,2320.2
2025-10-31,6.829,2321.2
2025-11-03,6.79,2308.6
2025-11-04,6.777,2293.4
2025-11-05,6.731,2281.2
2025-11-06,6.768,2291.8
2025-11-07,6.745,2276.5
2025-11-10,6.768,2299.3
2025-11-11,6.736,2289.6
2025-11-12,6.734,2298.0
2025-11-13,6.738,2295.8
2025-11-14,6.654,2257.1
2025-11-17,6.613,2258.3
2025-11-18,6.554,2243.2
2025-11-19,6.559,2257.7
2025-11-20,6.518,2264.8
2025-11-21,6.477,2238.1
2025-11-24,6.55,2266.8
2025-11-25,6.645,2288.1
2025-11-26,6.627,2285.3
2025-11-27,6.625,2283.2
2025-11-28,6.65,2288.8
2025-12-01,6.666,2274.9
2025-12-02,6.679,2298.1
2025-12-03,6.659,2280.9
2025-12-04,6.679,2278.9
2025-12-05,6.677,2285.0
2025-12-08,6.67,2287.3
2025-12-09,6.652,2293.0
2025-12-10,6.6,2280.2
2025-12-11,6.554,2248.0
2025-12-12,6.541,2249.4
2025-12-15,6.452,2206.6
2025-12-16,6.407,2183.9
2025-12-17,6.475,2221.0
2025-12-18,6.502,2232.9
2025-12-19,6.607,2290.2
2025-12-22,6.752,2341.8
2025-12-23,7.015,2412.9
2025-12-24,7.001,2407.2
2025-12-29,7.189,2478.2
2025-12-30,7.473,2571.1
2025-12-31,7.478,2582.9
2026-01-02,7.605,2631.1
2026-01-05,7.595,2626.0
2026-01-06,8.088,2789.5
2026-01-07,8.369,2888.4
2026-01-08,7.675,2651.8
2026-01-09,8.017,2786.2
2026-01-12,8.133,2828.1
2026-01-13,7.992,2798.8
2026-01-14,8.165,2855.5
2026-01-15,8.122,2839.2
2026-01-16,7.995,2786.7
2026-01-19,8.165,2842.9
2026-01-20,8.042,2799.5
2026-01-21,8.101,2818.1
2026-01-22,8.024,2809.0
2026-01-23,8.45,2946.4
2026-01-26,8.403,2856.8
2026-01-27,8.317,2811.6
2026-01-28,8.255,2777.7
2026-01-29,8.505,2874.6
2026-01-30,7.956,2701.7
2026-02-02,7.502,2564.5
2026-02-03,7.791,2676.9
2026-02-04,7.811,2697.4
2026-02-05,7.566,2617.1
2026-02-06,7.62,2639.0
2026-02-09,7.734,2663.1
2026-02-10,7.702,2634.1
2026-02-11,8.038,2722.1
2026-02-12,7.922,2684.5
2026-02-13,7.625,2576.8
2026-02-16,7.602,2569.9
2026-02-17,7.559,2551.4
2026-02-18,7.639,2587.5
2026-02-19,7.684,2624.1
2026-02-20,7.781,2662.5
2026-02-23,7.872,2686.9
2026-02-24,7.976,2740.3
2026-02-25,8.051,2782.0
2026-02-26,7.929,2728.0
2026-02-27,8.022,2758.6
2026-03-02,7.863,2729.4
2026-03-03,7.711,2680.2
2026-03-04,7.89,2732.8
2026-03-05,7.761,2695.5
2026-03-06,7.802,2716.3
2026-03-09,7.843,2740.6
2026-03-10,7.852,2731.3
2026-03-11,7.811,2730.5
2026-03-12,7.938,2780.1
2026-03-13,7.865,2762.7
2026-03-16,7.766,2724.7
2026-03-17,7.802,2734.0
2026-03-18,7.707,2711.1
2026-03-19,7.389,2587.0
2026-03-20,7.607,2662.7
2026-03-23,7.666,2679.6
2026-03-24,7.634,2674.8
2026-03-25,7.856,2753.1
2026-03-26,7.72,2716.7
2026-03-27,7.716,2720.0
2026-03-30,7.729,2717.1
2026-03-31,7.648,2689.3
2026-04-01,7.741,2701.9
2026-04-02,7.666,2697.3
2026-04-07,7.639,2691.9
2026-04-08,7.802,2720.3
2026-04-09,7.722,2705.5
2026-04-10,7.743,2717.4
2026-04-13,7.933,2795.3
2026-04-14,8.051,2819.5
2026-04-15,8.199,2875.7
2026-04-16,8.196,2872.6
2026-04-17,8.337,2924.8
2026-04-20,8.156,2857.3
2026-04-21,8.219,2881.8
2026-04-22,8.246,2894.5
2026-04-23,8.357,2938.3
2026-04-24,8.448,2969.1
2026-04-27,8.743,3068.8
2026-04-28,8.641,3043.1
2026-04-29,8.741,3079.3
2026-04-30,8.766,3025.6
2026-05-01,8.7,3002.9
2026-05-05,8.752,3044.9
2026-05-06,8.822,3038.2
2026-05-07,8.539,2944.1
2026-05-08,8.568,2961.1
2026-05-11,8.598,2978.6
2026-05-12,8.494,2951.0
2026-05-13,8.627,3000.7
2026-05-14,8.58,2987.7
2026-05-15,8.342,2915.9
2026-05-18,8.271,2895.1
2026-05-19,8.528,2991.4
2026-05-20,8.437,2958.0
2026-05-21,8.41,2950.6
2026-05-22,8.414,2952.2
2026-05-26,8.419,2955.1
2026-05-27,8.507,2989.9
2026-05-28,8.498,2987.5
2026-05-29,8.562,3006.4
2026-06-01,8.641,3038.3
2026-06-02,8.695,3062.3
2026-06-03,8.532,3006.9
2026-06-04,8.345,2939.9
2026-06-05,8.412,2964.6
2026-06-08,8.319,2933.9
2026-06-09,8.133,2871.7
2026-06-10,7.883,2789.2
2026-06-11,7.911,2799.9
2026-06-12,7.997,2824.4
2026-06-15,8.079,2853.2
2026-06-16,7.997,2827.6
2026-06-17,8.083,2856.7
2026-06-18,8.06,2859.6
2026-06-19,7.979,2836.1
2026-06-22,8.001,2853.7
2026-06-23,7.759,2763.1
2026-06-24,7.534,2685.4
2026-06-25,7.557,2696.5
2026-06-26,7.516,2678.5
2026-06-29,7.464,2663.5
2026-06-30,7.382,2643.6
2026-07-01,7.337,2631.9
2026-07-02,7.289,2596.5
2026-07-03,7.31,2597.1
2026-07-06,7.287,2608.0
2026-07-07,7.33,2616.1
2026-07-08,7.33,2625.8
2026-07-09,7.419,2656.4
2026-07-10,7.444,2656.5
2026-07-13,7.441,2659.8
2026-07-14,7.525,2691.2
2026-07-15,7.487,2680.4
2026-07-16,7.779,2781.7
2026-07-17,7.586,2715.2
2026-07-20,7.643,2736.1
2026-07-21,7.697,2761.5
2026-07-22,7.684,2762.5
2026-07-23,7.802,2811.8
2026-07-24,7.804,2818.5
2026-07-27,7.786,2808.9
2026-07-28,7.648,2763.7
2026-07-29,7.711,2782.5
2026-07-30,7.686,2761.0
2026-07-31,7.756,2740.0
2026-08-03,7.614,2630.0
2026-08-04,7.768,2695.7
2026-08-05,7.673,2665.8
2026-08-06,7.527,2619.1
2026-08-07,7.595,2651.3
2026-08-10,7.609,2661.2
2026-08-11,7.548,2649.2
2026-08-12,7.586,2660.7
2026-08-13,7.571,2659.4
2026-08-14,7.518,2635.5
2026-08-17,7.561,2654.2
2026-08-18,7.593,2673.3
2026-08-19,7.571,2655.4
2026-08-20,7.557,2645.0
2026-08-21,7.648,2675.8
2026-08-24,7.684,2695.5
2026-08-25,7.611,2671.9
2026-08-26,7.664,2687.7
2026-08-27,7.557,2655.5
2026-08-28,7.643,2690.6
2026-09-01,7.416,2618.5
2026-09-02,7.498,2638.2
2026-09-03,7.536,2592.0
2026-09-04,7.571,2608.0
2026-09-07,7.53,2569.0
2026-09-08,7.564,2573.1
2026-09-09,7.564,2555.9
2026-09-10,7.543,2563.9
2026-09-11,7.38,2506.2
2026-09-14,7.351,2504.7
2026-09-15,7.319,2501.0
2026-09-16,7.298,2494.7
2026-09-17,7.335,2517.6
2026-09-18,7.282,2534.8
2026-09-21,7.314,2535.9
2026-09-22,7.444,2579.5
2026-09-23,7.453,2594.8
2026-09-24,7.403,2592.6
2026-09-25,7.28,2529.3
2026-09-28,7.28,2517.9
2026-09-29,7.194,2491.9
